school_name,lat,lng,form_addy,actual_name
ADDAMS,41.85705249999999,-87.6449257,"1814 S Union Ave, Chicago, IL 60616, United States",Jane Addams High School
AIR FORCE HS,41.8280093,-87.6328463,"3630 S Wells St, Chicago, IL 60609, United States",Air Force Academy High School
ALBANY PARK,41.9711048,-87.70960939999999,"4929 N Sawyer Ave, Chicago, IL 60625, United States",Albany Park Multicultural Academy
ALCOTT ES,41.9296481,-87.6459706,"2625 N Orchard St, Chicago, IL 60614, United States",Alcott Elementary School
ALCOTT HS,41.9357563,-87.6805206,"2957 N Hoyne Ave, Chicago, IL 60618, United States",Alcott College Prep
ALDRIDGE,41.6575897,-87.6064885,"630 E 131st St, Chicago, IL 60827, United States",Aldridge Elementary School
AMUNDSEN HS,41.9757137,-87.67991339999999,"5110 N Damen Ave, Chicago, IL 60625, United States",Amundsen High School
ARIEL,41.8112429,-87.5989341,"1119 E 46th St, Chicago, IL 60653, United States",Ariel Community Academy
ARMOUR,41.8340245,-87.6500203,"950 W 33rd Pl, Chicago, IL 60608, United States",Armour Elementary School
ARMSTRONG G,42.0105918,-87.68491399999999,"2110 W Greenleaf Ave, Chicago, IL 60645, United States",George Armstrong Elementary School
ASHBURN,41.7418771,-87.70980999999999,"8300 S St Louis Ave, Chicago, IL 60652, United States",Ashburn Community Elementary School
ASHE,41.740034,-87.6010088,"8505 S Ingleside Ave, Chicago, IL 60619, United States",Arthur R Ashe Jr School
AUDUBON,41.9454052,-87.6811001,"3500 N Hoyne Ave, Chicago, IL 60618, United States",John James Audubon Elementary School
AUSTIN CCA HS,41.8853945,-87.76297559999999,"231 N Pine Ave, Chicago, IL 60644, United States",Austin College & Career Academy High School
AVALON PARK,41.748521,-87.5914255,"8045 S Kenwood Ave, Chicago, IL 60619, United States",Avalon Park Fine & Performing Arts School
AVONDALE-LOGANDALE,41.93442,-87.7080682,"3212 W George St, Chicago, IL 60618, United States",Avondale-Logandale Elementary
AZUELA,41.77097029999999,-87.739418,"4707 W Marquette Rd, Chicago, IL 60629, United States",Mariano Azuela Elementary School
BACK OF THE YARDS HS,41.8074302,-87.67759699999999,"2111 W 47th St, Chicago, IL 60609, United States",Back of the Yards College Preparatory High School
BARNARD,41.7053999,-87.65832619999999,"10354 S Charles St, Chicago, IL 60643, United States",Alice L . Barnard Elementary School
BARRY,41.9326675,-87.73975519999999,"2828 N Kilbourn Ave, Chicago, IL 60641, United States",Barry Elementary School
BARTON,41.7546087,-87.6713822,"7650 S Wolcott Ave, Chicago, IL 60620, United States",Barton Elementary School
BASS,41.7747559,-87.6537977,"1140 W 66th St, Chicago, IL 60621, United States",Perkins Bass Elementary School
BATEMAN,41.9581281,-87.7026125,"4220 N Richmond St, Chicago, IL 60618, United States",Newton Bateman Elementary School
BEARD,41.96991,-87.79065510000001,"6445 W Strong St, Chicago, IL 60656, United States",Daniel C. Beard Elementary School
BEASLEY,41.7989751,-87.62524479999999,"5255 S State St, Chicago, IL 60609, United States",Beasley Academic Center
BEAUBIEN,41.9719808,-87.7571361,"5025 N Laramie Ave, Chicago, IL 60630, United States",Beaubien Elementary School
BEETHOVEN,41.8083202,-87.62717959999999,"25 W 47th St, Chicago, IL 60609, United States",Ludwig Van Beethoven Elementary School
BEIDLER,41.8851862,-87.7039763,"3151 W Walnut St, Chicago, IL 60612, United States",Beidler Elementary School
BELDING,41.9586954,-87.7338017,"4257 N Tripp Ave, Chicago, IL 60641, United States",Belding Elementary School
BELL,41.9495421,-87.6862773,"3730 N Oakley Ave, Chicago, IL 60618, United States",Alexander Graham Bell School
BELMONT-CRAGIN,41.9239633,-87.7789786,"6112 W Fullerton Ave, Chicago, IL 60639, United States",Belmont-Cragin Elementary School
BENNETT,41.890839,-87.65200089999999,"955 W Grand Ave, Chicago, IL 60642, United States",Bennett Day School
BLACK,41.7659204,-87.5637606,"7133 S Coles Ave, Chicago, IL 60649, United States",Robert A. Black Magnet School
BLAINE,41.9508014,-87.6650827,"1420 W Grace St, Chicago, IL 60613, United States",James G. Blaine Elementary School
BLAIR,41.7763993,-87.7888617,"6751 W 63rd Pl, Chicago, IL 60638, United States",Blair Early Childhood Center
BOGAN HS,41.7488228,-87.72087049999999,"3939 W 79th St #1, Chicago, IL 60652, United States",Bogan High School
BOND,41.7657096,-87.6531261,"7050 S May St, Chicago, IL 60621, United States",Carrie Jacobs Bond Elementary School
BOONE,42.004099,-87.6979775,"6710 N Washtenaw Ave, Chicago, IL 60645, United States",Boone Elementary School
BOUCHET,41.7611241,-87.5753898,"7355 S Jeffery Blvd, Chicago, IL 60649, United States",Bouchet Elementary Math & Science Academy
BOWEN HS,41.734102,-87.5575716,"2710 E 89th St, Chicago, IL 60617, United States",Bowen High School
BRADWELL,41.7545563,-87.55725939999999,"7736 S Burnham Ave, Chicago, IL 60649, United States",Myra Bradwell School
BRENNEMANN,41.96004300000001,-87.64919189999999,"4251 N Clarendon Ave, Chicago, IL 60613, United States",Brennemann Elementary School
BRENTANO,41.93090429999999,-87.69625649999999,"2723 N Fairfield Ave, Chicago, IL 60647, United States",Brentano Elementary Math & Science Academy
BRIDGE,41.9496115,-87.7987768,"3800 N New England Ave, Chicago, IL 60634, United States",Bridge Elementary School
BRIGHT,41.6998326,-87.5621255,"10740 S Calhoun Ave, Chicago, IL 60617, United States",Orville T Bright School
BRIGHTON PARK,41.82380089999999,-87.6920392,"3825 S Washtenaw Ave., Chicago, IL 60632, United States",Brighton Park Elementary School
BRONZEVILLE CLASSICAL,41.8193839,-87.6267661,"8 W Root St, Chicago, IL 60609, United States",Bronzeville Classical Elementary School
BRONZEVILLE HS,41.8048161,-87.6254335,"4934 S Wabash Ave, Chicago, IL 60615, United States",Bronzeville Scholastic Institute High School
BROOKS HS,34.8581817,-87.4941295,"4300 US-72, Killen, AL 35645, United States",Brooks High School
BROWN R,41.6646544,-87.63805359999999,"12607 S Union Ave, Chicago, IL 60628, United States",Brown Community Academy Elementary School
BROWN W,41.8829751,-87.671251,"54 N Hermitage Ave, Chicago, IL 60612, United States",William H Brown STEM Magnet School
BROWNELL,41.7713448,-87.62158269999999,"6741 S Michigan Ave, Chicago, IL 60637, United States",Brownell Elementary School
BRUNSON,41.8972904,-87.7658014,"932 N Central Ave, Chicago, IL 60651, United States",Milton Brunson Math and Science Specialty Elementary School
BUDLONG,41.9756156,-87.69689,"2701 W Foster Ave, Chicago, IL 60625, United States",Lyman A Budlong Public School
BURBANK,41.9177901,-87.78234379999999,"2035 N Mobile Ave, Chicago, IL 60639, United States",Burbank Elementary School
BURKE,41.79714200000001,-87.6166896,"5356 S King Dr, Chicago, IL 60615, United States",Burke Elementary School
BURLEY,41.9380755,-87.6694625,"1630 W Barry Ave, Chicago, IL 60657, United States",Augustus H. Burley Elementary School
BURNHAM,41.8575981,-87.7716351,"1630 S 59th Ave, Cicero, IL 60804, United States",Daniel Burnham Elementary School
BURNSIDE,41.728531,-87.6074158,"650 E 91st Pl, Chicago, IL 60619, United States",Burnside Academy
BURR,41.9122618,-87.66866739999999,"1621 W Wabansia Ave, Chicago, IL 60622, United States",Jonathan Burr Elementary School
BURROUGHS,41.8288622,-87.69267239999999,"3542 S Washtenaw Ave., Chicago, IL 60632, United States",Burroughs Elementary School
BYRNE,41.7948196,-87.79101759999999,"5329 S Oak Park Ave, Chicago, IL 60638, United States",Byrne Elementary School
CALDWELL,41.739237,-87.5811398,"8546 S Cregier Ave, Chicago, IL 60617, United States",Charles P Caldwell School
CALMECA,41.8250071,-87.7114323,"3456 W 38th St, Chicago, IL 60632, United States",Calmeca Academy
CAMERON,41.9039774,-87.717973,"1234 N Monticello Ave, Chicago, IL 60651, United States",Daniel R Cameron Public School
CAMRAS,41.9356466,-87.7704097,"3000 N Mango Ave, Chicago, IL 60634, United States",Marvin Camras Children's Engineering Elementary School
CANTY,41.9478772,-87.82961,"3740 N Panama Ave, Chicago, IL 60634, United States",Canty Elementary School
CARDENAS,41.8483569,-87.7158814,"2345 S Millard Ave, Chicago, IL 60623, United States",Lázaro Cardenas Elementary School
CARNEGIE,41.7836708,-87.5911031,"1414 E 61st Pl, Chicago, IL 60637, United States",Andrew Carnegie School
CARROLL,41.742209,-87.69682209999999,"2929 W 83rd St, Chicago, IL 60652, United States",Charles Carroll School
CARSON,41.7935946,-87.6884443,"5516 S Maplewood Ave, Chicago, IL 60629, United States",Carson Elementary School
CARTER,41.789758,-87.6235281,"5740 S Michigan Ave, Chicago, IL 60637, United States",Carter School
CARVER G,41.6530874,-87.6009862,"901 E 133rd Pl, Chicago, IL 60827, United States",George Washington Carver high School
CARVER MILITARY HS,41.6565704,-87.5897674,"13100 S Doty Ave, Chicago, IL 60827, United States",Carver Military Academy High School
CASALS,,,,
CASSELL,41.68733,-87.7037959,"11314 S Spaulding Ave, Chicago, IL 60655, United States",Cassell Elementary School
CATHER,41.8830811,-87.6992741,"2908 W Washington Blvd, Chicago, IL 60612, United States",Willa Cather Elementary School
CHALMERS,41.8663657,-87.6950871,"2745 W Roosevelt Rd, Chicago, IL 60608, United States",Chalmers Elementary School
CHAPPELL,41.9750589,-87.6833838,"2135 W Foster Ave, Chicago, IL 60625, United States",Eliza Chappell School
CHASE,41.9180784,-87.6945284,"2021 North Point St, Chicago, IL 60647, United States",Salmon P Chase Public School
CHAVEZ,41.8072737,-87.6657094,"4747 S Marshfield Ave, Chicago, IL 60609, United States",Cesar Chavez Multicultural Academic Center
CHICAGO ACADEMY ES,41.9429176,-87.77686059999999,"3400 N Austin Ave, Chicago, IL 60634, United States",Chicago Academy Elementary School
CHICAGO ACADEMY HS,41.94296689999999,-87.7769852,"3400 N Austin Ave, Chicago, IL 60634, United States",Chicago Academy High School
CHICAGO AGRICULTURE HS,41.690225,-87.71764650000001,"3857 W 111th St, Chicago, IL 60655, United States",Chicago High School for Agricultural Sciences
CHICAGO MILITARY HS,41.8303817,-87.6191728,"3519 S Giles Ave, Chicago, IL 60653, United States",Chicago Military Academy
CHICAGO VOCATIONAL HS,41.73772290000001,-87.5729254,"2100 E 87th St, Chicago, IL 60617, United States",Chicago Vocational High School
Chicago World Language Academy,41.8358459,-87.73558799999999,"3120 S Kostner Ave, Chicago, IL 60623, United States",World Language Academy
CHOPIN,41.8967965,-87.6885788,"2450 W Rice St, Chicago, IL 60622, United States",Frederic Chopin Elementary School
CHRISTOPHER,41.8016788,-87.6857285,"5042 S Artesian Ave, Chicago, IL 60632, United States",Christopher Elementary School
CLAREMONT,41.7775717,-87.68133329999999,"2300 W 64th St, Chicago, IL 60636, United States",Claremont Academy
CLARK ES,41.8679826,-87.77033370000001,"1045 S Monitor Ave, Chicago, IL 60644, United States",G R Clark Elementary School
CLARK HS,36.1360325,-115.1976379,"4291 Pennwood Ave, Las Vegas, NV 89102, United States",Clark High School
CLAY,41.6546159,-87.5444337,"13231 S Burley Ave, Chicago, IL 60633, United States",Clay Elementary School
CLEMENTE HS,41.9026116,-87.6864154,"1147 N Western Ave, Chicago, IL 60622, United States",Roberto Clemente Community Academy
CLEVELAND,41.9517288,-87.7059848,"3121 W Byron St, Chicago, IL 60618, United States",Grover Cleveland Elementary School
CLINTON,41.9924651,-87.69870689999999,"6110 N Fairfield Ave, Chicago, IL 60659, United States",Clinton Elementary School
CLISSOLD,41.6934228,-87.67964289999999,"2350 W 110th Pl, Chicago, IL 60643, United States",Clissold Elementary School
COLEMON,41.6773743,-87.65703189999999,"1441 W 119th St, Chicago, IL 60643, United States",Johnnie Colemon Academy
COLES,41.7414614,-87.5657446,"8441 S Yates Blvd, Chicago, IL 60617, United States",Edward Coles School
COLLINS HS,41.8640759,-87.7011184,"1313 S Sacramento Dr, Chicago, IL 60623, United States",Collins Academy High School
COLUMBIA EXPLORERS,41.8109257,-87.70436579999999,"4520 S Kedzie Ave, Chicago, IL 60632, United States",Columbia Explorers Academy
COLUMBUS,41.8789149,-87.62124109999999,"280 S Columbus Dr, Chicago, IL 60603, United States",Columbus Drive Building
COOK,41.9077077,-87.6361398,"226 W Schiller St, Chicago, IL 60610, United States",Catherine Cook School
COONLEY,41.9554822,-87.6839294,"4046 N Leavitt St, Chicago, IL 60618, United States",John C. Coonley Elementary School
COOPER,41.8562196,-87.66722779999999,"1624 W 19th St, Chicago, IL 60608, United States",Peter Cooper Public School
CORKERY,41.8452219,-87.7322207,"2510 S Kildare Ave, Chicago, IL 60623, United States",Corkery Elementary School
CORLISS HS,41.7066424,-87.6027457,"821 E 103rd St, Chicago, IL 60628, United States",Corliss High School
COURTENAY,41.9621184,-87.66397479999999,"4420 N Beacon St, Chicago, IL 60640, United States",Mary E. Courtenay Language Arts Center
CRANE MEDICAL HS,41.8769747,-87.68322979999999,"2245 W Jackson Blvd, Chicago, IL 60612, United States",Richard T. Crane Medical Prep High School
CROWN,41.8526743,-87.7127019,"2128 S St Louis Ave, Chicago, IL 60623, United States",Crown Community Academy of Fine Arts
CUFFE,41.7424614,-87.65380119999999,"8324 S Racine Ave, Chicago, IL 60620, United States",CUFFE TECH ACADEMY
CULLEN,41.7002795,-87.6112976,"10650 S Eberhart Ave, Chicago, IL 60628, United States",Cullen School
CURIE HS,41.8022427,-87.72166999999999,"4959 S Archer Ave, Chicago, IL 60632, United States",Marie Sklodowska Curie Metropolitan High School
CURTIS,41.68584,-87.6220495,"32 E 115th St, Chicago, IL 60628, United States",Curtis Elementary School
DALEY,41.80248479999999,-87.672314,"5024 S Wolcott Ave, Chicago, IL 60609, United States",Richard J Daley Elementary Academy
DARWIN,41.9234844,-87.70474469999999,"3116 W Belden Ave, Chicago, IL 60647, United States",Charles R Darwin Public School
DAVIS M,41.7711072,-87.6665259,"6740 S Paulina St, Chicago, IL 60636, United States",Miles Davis Magnet Academy
DAVIS N,41.8220666,-87.7002341,"3014 W 39th Pl, Chicago, IL 60632, United States",Nathan S. Davis Elementary School
DAWES,41.7452303,-87.7178479,"3810 W 81st Pl, Chicago, IL 60652, United States",Dawes Elementary School
DE DIEGO,41.9052628,-87.6856775,"1313 N Claremont Ave, Chicago, IL 60622, United States",José de Diego Community Academy
DECATUR,42.0095453,-87.7049571,"7030 N Sacramento Ave, Chicago, IL 60645, United States",Decatur Classical School
DENEEN,41.7626988,-87.62371279999999,"7257 S State St, Chicago, IL 60619, United States",Deneen Elementary School
DEPRIEST,41.8778772,-87.7661146,"139 S Parkside Ave, Chicago, IL 60644, United States",Oscar Depriest Elementary School
DETT,41.8797097,-87.68045699999999,"2131 W Monroe St, Chicago, IL 60612, United States",Robert Nathaniel Dett Elementary School
DEVER,41.9425566,-87.81342389999999,"3436 N Osceola Ave, Chicago, IL 60634, United States",Dever Elementary School
DEVRY HS,41.9689193,-87.6765731,"1900 W Lawrence Ave, Chicago, IL 60640, United States",DeVry University Advantage Academy
DEWEY,41.796059,-87.64230750000002,"5415 S Union Ave, Chicago, IL 60609, United States",Dewey Elementary Academy of Fine Arts
DIRKSEN,41.9735343,-87.8415229,"8601 W Foster Ave, Chicago, IL 60656, United States",Everett Mckinley Dirksen Elementary School
DISNEY,41.9567548,-87.6470045,"4140 N Marine Dr, Chicago, IL 60613, United States",Walt Disney Magnet School
DISNEY II ES,41.9505183,-87.7302021,"3815 N Kedvale Ave, Chicago, IL 60641, United States",Disney II Magnet Elementary School
DISNEY II HS,41.95225,-87.72041329999999,"3900 N Lawndale Ave, Chicago, IL 60618, United States",Disney II Magnet School
DIXON,41.7433343,-87.6103488,"8306 S St Lawrence Ave, Chicago, IL 60619, United States",Dixon Elementary School
DOOLITTLE,41.8307118,-87.6121805,"535 E 35th St, Chicago, IL 60616, United States",Doolittle Elementary School
DORE,41.7743604,-87.80007239999999,"7134 W 65th St, Chicago, IL 60638, United States",John C. Dore Elementary School
DOUGLASS HS,41.8905698,-87.76733949999999,"543 N Waller Ave, Chicago, IL 60644, United States",Frederick Douglass Academy HS
DRAKE,41.8436561,-87.62871799999999,"2710 S Dearborn St, Chicago, IL 60616, United States",John B. Drake Elementary School
DRUMMOND,41.915782,-87.6742488,"1845 W Cortland St, Chicago, IL 60622, United States",Drummond Montessori Magnet School
DUBOIS,41.653971,-87.61423270000002,"330 E 133rd St, Chicago, IL 60827, United States",Dubois Elementary School
DULLES,41.7799311,-87.6167096,"6311 S Calumet Ave, Chicago, IL 60637, United States",John Foster Dulles School
DUNBAR HS,38.9075024,-77.01284679999999,"101 N St NW, Washington, DC 20001, United States",Dunbar High School
DUNNE,41.696434,-87.63990299999999,"10845 S Union Ave, Chicago, IL 60628, United States",Dunne Technology Academy
DURKIN PARK,41.73902229999999,-87.72925049999999,"8445 S Kolin Ave, Chicago, IL 60652, United States",Durkin Park Elementary School
DVORAK,41.8588558,-87.71562259999999,"3615 W 16th St, Chicago, IL 60623, United States",Dvorak School of Excellence
DYETT ARTS HS,41.8011405,-87.61163470000001,"555 E 51st St, Chicago, IL 60615, United States",Walter H. Dyett High School for the Arts
EARHART,41.726229,-87.5823278,"1710 E 93rd St, Chicago, IL 60617, United States",Amelia Earhart School
EARLE,41.7814456,-87.6758368,"2040 W 62nd St, Chicago, IL 60636, United States",Charles W Earle School
EBERHART,41.7745803,-87.70848889999999,"3400 W 65th Pl, Chicago, IL 60629, United States",Eberhart Elementary School
EBINGER,42.0045437,-87.8108384,"7350 W Pratt Ave, Chicago, IL 60631, United States",Ebinger Elementary School
EDGEBROOK,41.9997272,-87.7607268,"6525 N Hiawatha Ave, Chicago, IL 60646, United States",Edgebrook Public School
EDISON,41.81713570000001,-87.7864657,"4100 Scoville Ave, Stickney, IL 60402, United States",Edison Elementary School
EDISON PARK,41.9938971,-87.81408359999999,"6220 N Olcott Ave, Chicago, IL 60631, United States",Edison Park Elementary School
EDWARDS,41.8052858,-87.7255352,"4815 S Karlov Ave, Chicago, IL 60632, United States",Edwards Elementary School
ELLINGTON,41.8853794,-87.76658739999999,"243 N Parkside Ave, Chicago, IL 60644, United States",Edward K. Duke Ellington Elementary School
ENGLEWOOD STEM HS,41.7702519,-87.6368723,"6835 S Normal Blvd, Chicago, IL 60621, United States",Englewood STEM High School
ERICSON,41.8757508,-87.7161802,"3600 W 5th Ave, Chicago, IL 60624, United States",Leif Ericson Elementary Scholastic Academy
ESMOND,41.6893215,-87.66942259999999,"1865 W Montvale Ave, Chicago, IL 60643, United States",Esmond Elementary School
EVERETT,41.8317249,-87.6812719,"3419 S Bell Ave, Chicago, IL 60608, United States",Everett Elementary School
EVERGREEN,41.8287765,-87.66759429999999,"3537 S Paulina St, Chicago, IL 60609, United States",Evergreen Academy Middle School
EVERS,41.71564499999999,-87.63905729999999,"9801 S Lowe Ave, Chicago, IL 60628, United States",Medgar Evers Elementary School
FAIRFIELD,41.7808017,-87.6918182,"6201 S Fairfield Ave, Chicago, IL 60629, United States",Fairfield Elementary School
FALCONER,41.9356204,-87.7496802,"3020 N Lamon Ave, Chicago, IL 60641, United States",Laughlin Falconer School
FARADAY,41.87978390000001,-87.70827469999999,"3250 W Monroe St, Chicago, IL 60624, United States",Faraday Elementary School
FARNSWORTH,41.97986909999999,-87.7662907,"5414 N Linder Ave, Chicago, IL 60630, United States",James B Farnsworth Elementary School
FARRAGUT HS,35.8872267,-84.1598368,"11237 Kingston Pike, Knoxville, TN 37934, United States",Farragut High School
FENGER HS,41.6897069,-87.63784,"11220 S Wallace St, Chicago, IL 60628, United States",Christian Fenger Academy High School
FERNWOOD,41.7110948,-87.6403607,"10041 S Union Ave, Chicago, IL 60628, United States",Fernwood Elementary School
FIELD,41.8904151,-87.76649789999999,"535 N Parkside Ave, Chicago, IL 60644, United States",The Field School
FINKL,41.8491577,-87.68694219999999,"2332 S Western Ave, Chicago, IL 60608, United States",William F. Finkl Academy
FISKE,41.7854094,-87.609348,"6020 S Langley Ave, Chicago, IL 60637, United States",John Fiske Elementary School
FOREMAN HS,41.9396773,-87.7530506,"3235 N Leclaire Ave, Chicago, IL 60641, United States",Foreman College and Career Academy
FORT DEARBORN,41.729951,-87.6552445,"9025 S Throop St, Chicago, IL 60620, United States",Fort Dearborn Elementary School
FOSTER PARK,41.7387793,-87.6685522,"8530 S Wood St, Chicago, IL 60620, United States",Foster Park Elementary School
FRANKLIN,41.9060807,-87.6357594,"246 W Goethe St, Chicago, IL 60610, United States",Franklin School
FRAZIER PROSPECTIVE,41.8669223,-87.7261757,"4027 W Grenshaw St, Chicago, IL 60624, United States",FRAZIER PROSPECTIVE
FULLER,41.81806,-87.6123361,"4214 S St Lawrence Ave #2, Chicago, IL 60653, United States",Fuller Elementary School
FULTON,41.7971405,-87.6686699,"5300 S Hermitage Ave, Chicago, IL 60609, United States",Robert Fulton Elementary School
FUNSTON,41.9175426,-87.7173127,"3616 W Armitage Ave, Chicago, IL 60647, United States",Funston Elementary School
GAGE PARK HS,41.7911552,-87.6893578,"5630 S Rockwell St, Chicago, IL 60629, United States",Gage Park High School
GALE,42.0209968,-87.6712419,"1631 W Jonquil Terrace, Chicago, IL 60626, United States",Gale Community Academy
GALILEO,41.8709847,-87.65353010000001,"820 S Carpenter St, Chicago, IL 60607, United States",Galileo Scholastic Academy
GALLISTEL,41.7068942,-87.53518,"10347 S Ewing Ave, Chicago, IL 60617, United States",Matthew Gallistel Language Academy
GARVEY,41.7066006,-87.6475225,"10309 S Morgan St, Chicago, IL 60643, United States",Marcus Garvey Elementary School
GARVY,41.9762618,-87.7960181,"5225 N Oak Park Ave, Chicago, IL 60656, United States",John W. Garvy Elementary School
GARY,41.6007075,-87.3512913,"Gary Community School Corporation, Gary, IN, USA",Gary Community School Corporation
GILLESPIE,41.7252771,-87.6229438,"9301 S State St, Chicago, IL 60619, United States",Gillespie Elementary School
GOETHE,41.9227455,-87.69318919999999,"2236 N Rockwell St, Chicago, IL 60647, United States",Goethe Elementary School
GOODE HS,41.7539265,-87.7064547,"7651 S Homan Ave, Chicago, IL 60652, United States",Sarah E. Goode STEM Academy
GOUDY,41.9759439,-87.6579959,"5120 N Winthrop Ave, Chicago, IL 60640, United States",William C Goudy Public School
GRAHAM ES,41.813099,-87.64360119999999,"4436 S Union Ave, Chicago, IL 60609, United States",Alexander Graham Elementary School
GRAHAM HS,41.849413,-87.6247344,"2347 S Wabash Ave, Chicago, IL 60616, United States",Ray Graham Training Center High School
GRAY,41.9491949,-87.75724199999999,"3730 N Laramie Ave, Chicago, IL 60641, United States",William P. Gray Elementary School
GREELEY,41.9528951,-87.6508806,"832 W Sheridan Rd, Chicago, IL 60613, United States",Horace Greeley Elementary School
GREEN,41.9972605,-87.70534490000001,"Chicago, IL 60659, United States",Green Elementary School
GREENE,41.8297006,-87.671301,"3525 S Honore St, Chicago, IL 60609, United States",Nathanael Greene Elementary School
GREGORY,41.8706372,-87.7185789,"3715 W Polk St, Chicago, IL 60624, United States",Gregory Elementary School
GRESHAM,41.7387652,-87.6450423,"8524 S Green St, Chicago, IL 60620, United States",GRESHAM SCHOOL OF EXCELLENCE
GRIMES,41.7767153,-87.74563739999999,"4918 W 64th St, Chicago, IL 60638, United States",Robert L. Grimes Elementary School
GRISSOM,41.662616,-87.5533909,"12810 S Escanaba Ave, Chicago, IL 60633, United States",Virgil Grissom Elementary School
GUNSAULUS,41.8126085,-87.6996363,"4420 S Sacramento Ave, Chicago, IL 60632, United States",Gunsaulus Scholastic Academy
HAINES,41.8499038,-87.6337621,"247 W 23rd Pl, Chicago, IL 60616, United States",Haines Elementary School
HALE,41.7804521,-87.7770743,"6140 S Melvina Ave, Chicago, IL 60638, United States",Nathan Hale Elementary School
HALEY,41.6863606,-87.63337179999999,"11411 S Eggleston Ave, Chicago, IL 60628, United States",Alex Haley Academy Elementary School
HAMILTON,41.9454775,-87.6706494,"1650 W Cornelia Ave, Chicago, IL 60657, United States",Hamilton Elementary School
HAMLINE,41.8074287,-87.66109999999999,"4747 S Bishop St, Chicago, IL 60609, United States",Hamline Elementary School
HAMMOND,41.8525332,-87.6958882,"2819 W 21st Pl, Chicago, IL 60623, United States",Hammond Elementary School
HAMPTON,41.7536426,-87.7089884,"3434 W 77th St, Chicago, IL 60652, United States",Lionel Hampton Fine & Performing Arts School
HANCOCK HS,41.77526539999999,-87.7587924,"5437 W 64th Pl, Chicago, IL 60638, United States",John Hancock College Preparatory High School
HANSON PARK,41.923335,-87.76201610000001,"5411 W Fullerton Ave, Chicago, IL 60639, United States",Hanson Park Elementary School
HARLAN HS,41.7183438,-87.6209035,"9652 S Michigan Ave, Chicago, IL 60628, United States",Harlan High School
HARTE,41.7939105,-87.5868715,"1556 E 56th St, Chicago, IL 60637, United States",Bret Harte Elementary School
HARVARD,42.3770029,-71.11666009999999,"Cambridge, MA, United States",Harvard University
HAUGAN,41.9637402,-87.7235067,"4540 N Hamlin Ave, Chicago, IL 60625, United States",Helge A Haugan Public School
HAWTHORNE,41.9418973,-87.65765379999999,"3319 N Clifton Ave, Chicago, IL 60657, United States",Hawthorne Scholastic Academy
HAY,41.8994709,-87.7559465,"1018 N Laramie Ave, Chicago, IL 60651, United States",John Hay Community Academy
HAYT,41.9946092,-87.668722,"1518 W Granville Ave, Chicago, IL 60660, United States",Hayt Elementary School
HEALY,41.8393064,-87.6407584,"3040 S Parnell Ave, Chicago, IL 60616, United States",Robert Healy Elementary School
HEARST,41.80844889999999,-87.7460331,"4640 S Lamon Ave, Chicago, IL 60638, United States",Hearst Elementary School
HEDGES,41.8069727,-87.67329459999999,"4747 S Winchester Ave, Chicago, IL 60609, United States",James Hedges Fine & Performing Arts School
HEFFERAN,41.8786049,-87.7358931,"4409 W Wilcox St, Chicago, IL 60624, United States",Helen M. Hefferan Public School
HENDERSON,41.7910145,-87.67214200000001,"5650 S Wolcott Ave, Chicago, IL 60636, United States",Charles R. Henderson Elementary School
HENDRICKS,41.8158259,-87.6338758,"4316 S Princeton Ave, Chicago, IL 60609, United States",Thomas A Hendricks Community School
HENRY,41.9586518,-87.71565199999999,"4250 N St Louis Ave, Chicago, IL 60618, United States",Patrick Henry Elementary School
HERNANDEZ,41.7935907,-87.7116415,"3510 W 55th St, Chicago, IL 60632, United States",Irene C. Hernandez Middle School
HERZL,41.8620945,-87.7184367,"3711 W Douglas Blvd, Chicago, IL 60623, United States",Theodore Herzl Elementary School
HIBBARD,41.9705641,-87.7103739,"3244 W Ainslie St, Chicago, IL 60625, United States",Hibbard Elementary School
HIGGINS,41.6808757,-87.64739949999999,"11710 S Morgan St, Chicago, IL 60643, United States",Higgins Community Academy Elementary School
HIRSCH HS,41.7538334,-87.6018048,"7740 S Ingleside Ave, Chicago, IL 60619, United States",Emil G. Hirsch Metropolitan High School
HITCH,41.9843169,-87.7788228,"5625 N McVicker Ave, Chicago, IL 60646, United States",Hitch Elementary School
HOLDEN,41.8380798,-87.6543052,"1104 W 31st St, Chicago, IL 60608, United States",Holden Elementary School
HOLMES,41.8952501,-87.7971507,"508 N Kenilworth Ave, Oak Park, IL 60302, United States",Oliver Wendell Holmes Elementary School
HOWE,41.89354669999999,-87.7599539,"720 N Lorel Ave, Chicago, IL 60644, United States",Howe School of Excellence
HOYNE,41.7333648,-87.5680938,"8905 S Crandon Ave, Chicago, IL 60617, United States",Thomas Hoyne Elementary School
HUBBARD HS,41.7801987,-87.71864699999999,"6200 S Hamlin Ave, Chicago, IL 60629, United States",Hubbard High School
HUGHES C,41.8604841,-87.7312582,"4247 W 15th St, Chicago, IL 60623, United States",Charles Hughes Elementary School
HUGHES L,41.8604841,-87.7312582,"4247 W 15th St, Chicago, IL 60623, United States",Charles Hughes Elementary School
HURLEY,41.7664033,-87.7191981,"3849 W 69th Pl, Chicago, IL 60629, United States",Edward N. Hurley Elementary School
HYDE PARK HS,30.4081675,-97.73002799999999,"11400 MoPac Expy S, Austin, TX 78759, United States",Hyde Park High School
INFINITY HS,41.8354286,-87.73565289999999,"3120 S Kostner Ave, Chicago, IL 60623, United States",Infinity Math Science & Technology High School
INTER-AMERICAN,41.9485617,-87.6516743,"851 W Waveland Ave, Chicago, IL 60613, United States",Inter-American Elementary Magnet School
IRVING,41.8717451,-87.6833662,"749 S Oakley Blvd, Chicago, IL 60612, United States",Washington Irving Elementary School
JACKSON M,34.21744100000001,-118.4667282,"8071 Sepulveda Blvd, Panorama City, CA 91402, United States",Montclair College Prep School
JAHN,41.9391624,-87.6753885,"3149 N Wolcott Ave, Chicago, IL 60657, United States",Friedrich L Jahn Public School
JAMIESON,41.9844668,-87.700812,"5650 N Mozart St, Chicago, IL 60659, United States",Jamieson Elementary School
JEFFERSON HS,34.0095718,-118.2510021,"1319 E 41st St, Los Angeles, CA 90011, United States",Thomas Jefferson High School
JENSEN,41.87388929999999,-87.70218419999999,"3030 W Harrison St, Chicago, IL 60612, United States",Jens Jensen Public School
JOHNSON,41.8618804,-87.70368,"1420 S Albany Ave, Chicago, IL 60623, United States",Johnson School of Excellence
JONES HS,41.8729672,-87.6279213,"700 S State St, Chicago, IL 60605, United States",Jones College Prep
JOPLIN,37.0621673,-94.5005808,"Joplin School District, MO, USA",Joplin School District
JORDAN,42.0171278,-87.67784739999999,"7414 N Wolcott Ave, Chicago, IL 60626, United States",Jordan Community Public School
JUAREZ HS,41.8525684,-87.66428239999999,"2150 S Laflin St, Chicago, IL 60608, United States",Benito Juarez High School
JULIAN HS,41.7060512,-87.6543566,"10330 S Elizabeth St, Chicago, IL 60643, United States",Percy Julian High School
JUNGMAN,41.8585624,-87.6523771,"1746 S Miller St, Chicago, IL 60608, United States",Joseph Jungman Public School
KANOON,41.8506361,-87.7050433,"2233 S Kedzie Ave, Chicago, IL 60623, United States",Kanoon Magnet Elementary School
KELLER,41.8828438,-87.63498210000002,"225 W Washington St #100, Chicago, IL 60606, United States",Keller Graduate School of Management- Chicago Loop Center
KELLMAN,41.8702395,-87.7023026,"3030 W Arthington St, Chicago, IL 60612, United States",Joseph Kellman Corporate Community Elementary School
KELLOGG,41.89607609999999,-87.6187803,"2nd Floor Mezzanine, 340 E Superior St, Chicago, IL 60611, United States",MS in Management Studies (MSMS) - Kellogg School of Management
KELLY HS,41.8182185,-87.6947179,"4136 S California Ave, Chicago, IL 60632, United States",Thomas Kelly High School
KELVYN PARK HS,41.9272023,-87.7357497,"4343 W Wrightwood Ave, Chicago, IL 60639, United States",Kelvyn Park High School
KENNEDY HS,41.7902356,-87.7802853,"6325 W 56th St, Chicago, IL 60638, United States",John F. Kennedy High School
KENWOOD HS,39.3254737,-76.4624252,"501 Stemmers Run Rd, Baltimore, MD 21221, United States",Kenwood High School
KERSHAW,41.7765332,-87.6410018,"6450 S Lowe Ave, Chicago, IL 60621, United States",Kershaw Elementary School
KILMER,42.0043286,-87.6686692,"6700 N Greenview Ave, Chicago, IL 60626, United States",Joyce Kilmer Elementary School
KING ES,41.7654794,-87.6413417,"644 W 71st St, Chicago, IL 60621, United States","Dr. Martin Luther King, Jr Academy of Social Justice"
KING HS,41.8138852,-87.6029812,"4445 S Drexel Blvd, Chicago, IL 60653, United States",Dr. Martin Luther King Jr. College Preparatory High School
KINZIE,41.7902633,-87.77900989999999,"5625 S Mobile Ave, Chicago, IL 60638, United States",John H. Kinzie Elementary School
KIPLING,41.7237074,-87.639393,"9351 S Lowe Ave, Chicago, IL 60620, United States",Rudyard Kipling Elementary School
KOZMINSKI,41.7985253,-87.6023841,"936 E 54th St, Chicago, IL 60615, United States",Kozminski Community Academy
LAKE VIEW HS,41.9552954,-87.668809,"4015 N Ashland Ave, Chicago, IL 60613, United States",Lake View High School
LANE TECH HS,41.945166,-87.69065409999999,"2501 W Addison St, Chicago, IL 60618, United States",Lane Tech College Prep High School
LANGFORD,41.7847923,-87.65723659999999,"6010 S Throop St, Chicago, IL 60636, United States",Langford Community Academy
LARA,41.8097849,-87.67193809999999,"4619 S Wolcott Ave, Chicago, IL 60609, United States",Agustin Lara Academy
LASALLE,41.9139613,-87.6376873,"1734 N Orleans St, Chicago, IL 60614, United States",LaSalle Language Academy
LASALLE II,41.9028264,-87.6738361,"1148 N Honore St, Chicago, IL 60622, United States",LaSalle II School
LAVIZZO,41.6964876,-87.6270447,"138 W 109th St, Chicago, IL 60628, United States",Mildred Lavizzo Elementary School
LAWNDALE,41.863005,-87.71332319999999,"3500 W Douglas Blvd, Chicago, IL 60623, United States",Lawndale Community Academy
LEE,41.7753059,-87.7289914,"6448 S Tripp Ave, Chicago, IL 60629, United States",Richard Henry Lee Elementary School
LELAND,41.8735501,-87.749805,"512 S Lavergne Ave, Chicago, IL 60644, United States",George Leland Elementary School
LENART,41.7467874,-87.6277637,"8101 S La Salle St, Chicago, IL 60620, United States",Lenart Elementary Regional Gifted Center
LEWIS,41.906737,-87.7536214,"1431 N Leamington Ave, Chicago, IL 60651, United States",Leslie Lewis Elementary School
LIBBY,41.7972402,-87.6599528,"5300 S Loomis Blvd, Chicago, IL 60609, United States",Arthur A Libby School
LINCOLN,41.92436430000001,-87.6445385,"615 W Kemper Pl, Chicago, IL 60614, United States",Abraham Lincoln Elementary School
LINCOLN PARK ELC,41.92191469999999,-87.6366195,"2150 N Lincoln Park W, Chicago, IL 60614, United States",Lincoln Park Preschool & Kindergarten (LPP Webster)
LINCOLN PARK HS,41.91840819999999,-87.64584479999999,"2001 N Orchard St, Chicago, IL 60614, United States",Lincoln Park High School
LINDBLOM HS,41.7820798,-87.6718901,"6130 S Wolcott Ave, Chicago, IL 60636, United States",Lindblom Math and Science Academy
LITTLE VILLAGE,41.84308850000001,-87.71730629999999,"2620 S Lawndale Ave, Chicago, IL 60623, United States",Little Village Academy
LLOYD,41.91892960000001,-87.7475151,"2103 N Lamon Ave, Chicago, IL 60639, United States",Lloyd Elementary School
LOCKE J,41.9316775,-87.7957467,"2828 N Oak Park Ave, Chicago, IL 60634, United States",Locke Elementary School
LORCA,41.9400303,-87.7242929,"3231 N Springfield Ave, Chicago, IL 60618, United States",Federico Garcia Lorca Elementary School
LOVETT,33.8605397,-84.4506524,"4075 Paces Ferry Rd NW, Atlanta, GA 30327, United States",The Lovett School
LOWELL,41.9065665,-87.7106245,"3320 W Hirsch St, Chicago, IL 60651, United States",James Russell Lowell Elementary School
LOZANO,41.9090822,-87.664997,"1501 N Greenview Ave, Chicago, IL 60642, United States",Lozano Branch School
LYON,42.07893,-87.797338,"1335 Waukegan Rd, Glenview, IL 60025, United States",Lyon Elementary School
MADERO,41.841532,-87.70541229999999,"3202 W 28th St, Chicago, IL 60623, United States",Madero Middle School
MADISON,42.0324185,-87.7565551,"5100 Madison St, Skokie, IL 60077, United States",Madison Elementary School
MANIERRE,41.9079248,-87.6401181,"1420 N Hudson Ave, Chicago, IL 60610, United States",Manierre Elementary School
MANLEY HS,41.8702496,-87.70034749999999,"2935 W Polk St, Chicago, IL 60612, United States",Manley Career Academy High School
MANN,41.9030686,-87.7982624,"921 N Kenilworth Ave, Oak Park, IL 60302, United States",Horace Mann Elementary School
MARINE LEADERSHIP AT AMES HS,41.915881,-87.7224286,"1920 N Hamlin Ave, Chicago, IL 60647, United States",Marine Leadership Academy
MARQUETTE,41.7740243,-87.69724599999999,"6550 S Richmond St, Chicago, IL 60629, United States",Marquette Elementary School
MARSH,41.7158076,-87.5530991,"9822 S Exchange Ave, Chicago, IL 60617, United States",John L Marsh Elementary School
MARSHALL HS,41.8790699,-87.70656199999999,"3250 W Adams St, Chicago, IL 60624, United States",Marshall Metro High School
MASON,41.8563774,-87.7304596,"4217 W 18th St, Chicago, IL 60623, United States",Roswell B. Mason Elementary School
MATHER HS,41.9880646,-87.701245,"5835 N Lincoln Ave, Chicago, IL 60659, United States",Mather High School
MAYER,41.9230459,-87.65745079999999,"2250 N Clifton Ave, Chicago, IL 60614, United States",Oscar F Mayer School
MAYS,41.7731171,-87.6373819,"6656 S Normal Blvd, Chicago, IL 60621, United States",Benjamin E. Mays Elementary Academy
MCAULIFFE,41.9148675,-87.7236454,"1841 N Springfield Ave, Chicago, IL 60647, United States",Sharon Christa Mc Auliffe Elementary School
MCCLELLAN,41.8304076,-87.64102199999999,"3527 S Wallace St, Chicago, IL 60609, United States",McClellan Elementary School
MCCORMICK,41.8420217,-87.70642699999999,"2712 S Sawyer Ave, Chicago, IL 60623, United States",McCormick Elementary School
MCCUTCHEON,41.9709715,-87.6547033,"4865 N Sheridan Rd, Chicago, IL 60640, United States",John T. McCutcheon Elementary School
MCDADE,41.7343388,-87.6189432,"8801 S Indiana Ave, Chicago, IL 60619, United States",James E. McDade Classical School 2
MCDOWELL,41.732931,-87.5898103,"1419 E 89th St, Chicago, IL 60619, United States",Mary E McDowell School
MCKAY,41.7669883,-87.6908142,"6901 S Fairfield Ave, Chicago, IL 60629, United States",Mc Kay Elementary School
MCNAIR,41.8978932,-87.74660740000002,"4820 W Walton St, Chicago, IL 60651, United States",Ronald E McNair Elementary School
MCPHERSON,41.9684983,-87.6765894,"4728 N Wolcott Ave, Chicago, IL 60640, United States",James B Mc Pherson Public School
MELODY,41.8784481,-87.7241844,"3937 W Wilcox St, Chicago, IL 60624, United States",Genevieve Melody Public School
METCALFE,41.6695196,-87.6341786,"12339 S Normal Ave, Chicago, IL 60628, United States",Metcalfe Community Academy
MIRELES,41.7317268,-87.5529392,"9000 S Exchange Ave, Chicago, IL 60617, United States",Arnold Mireles Academy
MITCHELL,41.8919313,-87.6834719,"2233 W Ohio St, Chicago, IL 60612, United States",Mitchell Elementary School
MOLLISON,41.8145438,-87.6159397,"4415 S King Dr, Chicago, IL 60653, United States",Mollison Elementary School
MONROE,41.9295238,-87.7190828,"3651 W Schubert Ave, Chicago, IL 60647, United States",James Monroe Public School
MOOS,41.9130714,-87.69633499999999,"1711 N California Ave, Chicago, IL 60647, United States",Moos Elementary School
MORGAN PARK HS,41.6922322,-87.66533129999999,"1744 W Pryor Ave, Chicago, IL 60643, United States",Morgan Park High School
MORRILL,41.784144,-87.68841909999999,"6011 S Rockwell St, Chicago, IL 60629, United States",Donald L Morrill School
MORTON,41.8893716,-87.70488840000002,"431 N Troy St, Chicago, IL 60612, United States",Morton School of Excellence
MOUNT GREENWOOD,41.6960233,-87.7054876,"10841 S Homan Ave, Chicago, IL 60655, United States",Mt. Greenwood Elementary School
MOUNT VERNON,41.7022519,-87.648286,"10540 S Morgan St, Chicago, IL 60643, United States",Mount Vernon Elementary School
MOZART,41.9214058,-87.722226,"2200 N Hamlin Ave, Chicago, IL 60647, United States",Mozart Elementary School
MULTICULTURAL ARTS HIGH SCHOOL,41.8344643,-87.7355469,"3120 S Kostner Ave, Chicago, IL 60623, United States",MAS
MURPHY,41.9498729,-87.7170929,"3539 W Grace St, Chicago, IL 60618, United States",John B Murphy Elementary School
MURRAY,41.7982168,-87.592518,"5335 S Kenwood Ave, Chicago, IL 60615, United States",Murray Language Academy
NASH,41.8918833,-87.7478647,"4837 W Erie St, Chicago, IL 60644, United States",Nash Elementary School
NATIONAL TEACHERS,41.8513832,-87.62891379999999,"55 W Cermak Rd, Chicago, IL 60616, United States",National Teacher's Academy
NEIL,41.7387732,-87.6202756,"8555 S Michigan Ave, Chicago, IL 60619, United States",Neil Elementary School
NETTELHORST,41.9415477,-87.6446083,"3252 N Broadway, Chicago, IL 60657, United States",The Nettelhorst School
NEW FIELD,42.0076293,-87.6724472,"1707 W Morse Ave, Chicago, IL 60626, United States",New Field Elementary School
NEW SULLIVAN,41.74402509999999,-87.5424644,"8331 S Mackinaw Ave, Chicago, IL 60617, United States",William K New Sullivan Elementary School
NEWBERRY,41.914262,-87.64630849999999,"700 W Willow St, Chicago, IL 60614, United States",Walter L. Newberry Math & Science Academy
NICHOLSON,41.9162112,-87.6704085,"1700 W Cortland St #101, Chicago, IL 60622, United States",The Nicholson School
NIGHTINGALE,41.798706,-87.6900019,"5225 S Talman Ave, Chicago, IL 60632, United States",Florence Nightingale Elementary School
NINOS HEROES,41.7443349,-87.5528794,"8344 S Commercial Ave, Chicago, IL 60617, United States",Ninos Heroes Elementary School
NIXON,41.9191344,-87.7312755,"2121 N Keeler Ave, Chicago, IL 60639, United States",William P. Nixon Elementary School
NOBEL,41.8824143,-87.6272487,"1 N State St #7, Chicago, IL 60602, United States",Noble Network of Charter Schools
NORTH RIVER,41.96630390000001,-87.7218024,"3729 W Leland Ave, Chicago, IL 60625, United States",North River Elementary School
NORTH-GRAND HS,41.9124219,-87.7349604,"4338 W Wabansia Ave, Chicago, IL 60639, United States",North-Grand High School
NORTHSIDE LEARNING HS,41.98333239999999,-87.7213113,"3730 W Bryn Mawr Ave, Chicago, IL 60659, United States",Northside Learning Center High School
NORTHSIDE PREP HS,41.9813057,-87.70789959999999,"5501 N Kedzie Ave, Chicago, IL 60625, United States",Northside College Prep
NORTHWEST,41.726997,-87.71264649999999,"3630 W 92nd St, Evergreen Park, IL 60805, United States",Northwest Elementary School
Northwest ECC,41.893233,-87.61583399999999,"441 E Ontario St, Chicago, IL 60611, United States",Bernice E. Lavin Early Childhood Education Center
NORWOOD PARK,41.989016,-87.8022597,"5900 N Nina Ave, Chicago, IL 60631, United States",Norwood Park Elementary School
OGDEN ES,41.9002087,-87.6291005,"24 W Walton St, Chicago, IL 60610, United States",Ogden Elementary School
OGDEN HS,41.2133437,-111.947575,"2828 Harrison Blvd, Ogden, UT 84403, United States",Ogden High School
OGLESBY,41.7549539,-87.64603029999999,"7646 S Green St, Chicago, IL 60620, United States",Oglesby Elementary School
OKEEFFE,41.7687669,-87.5730366,"6940 S Merrill Ave, Chicago, IL 60649, United States",Isabelle C O'Keeffe School
ONAHAN,41.9939392,-87.79285209999999,"6634 W Raven St, Chicago, IL 60631, United States",William J Onahan Public School
ORIOLE PARK,41.97848,-87.81241399999999,"5424 N Oketo Ave, Chicago, IL 60656, United States",Oriole Park Public School
OROZCO,41.8578513,-87.6750941,"1940 W 18th St, Chicago, IL 60608, United States",Orozco Community Academy
ORR HS,41.893927,-87.726435,"730 N Pulaski Rd, Chicago, IL 60624, United States",Orr Academy High School
ORTIZ DE DOMINGUEZ,41.8383226,-87.7173828,"3000 S Lawndale Ave, Chicago, IL 60623, United States",Ortiz De Dominguez School
OTIS,41.8916487,-87.6652697,"525 N Armour St, Chicago, IL 60642, United States",James Otis School
OTOOLE,41.7741934,-87.6753034,"6550 S Seeley Ave, Chicago, IL 60636, United States",Luke O'Toole School
OWEN,41.7430037,-87.7052899,"8247 S Christiana Ave, Chicago, IL 60652, United States",William Bishop Owen School
OWENS,41.7430037,-87.7052899,"8247 S Christiana Ave, Chicago, IL 60652, United States",William Bishop Owen School
PALMER,41.9729604,-87.73863659999999,"5051 N Kenneth Ave, Chicago, IL 60630, United States",John M Palmer Elementary School
PARK MANOR,41.7665077,-87.6112149,"7037 S Rhodes Ave, Chicago, IL 60637, United States",Park Manor Elementary School
PARKER,41.9228563,-87.6385038,"330 W Webster Ave, Chicago, IL 60614, United States",Francis W. Parker School
PARKSIDE,41.768934,-87.58308,"6938 S East End Ave, Chicago, IL 60649, United States",Parkside Academy
PASTEUR,41.7871561,-87.73229169999999,"5825 S Kostner Ave, Chicago, IL 60629, United States",Pasteur Elementary School
PAYTON HS,41.9016989,-87.6350785,"1034 N Wells St, Chicago, IL 60610, United States",Walter Payton College Preparatory High School
PEACE AND EDUCATION HS,41.8006839,-87.6566749,"5114 S Elizabeth St, Chicago, IL 60609, United States",Peace and Education Coalition High School
PECK,41.7881027,-87.71972129999999,"3826 W 58th St, Chicago, IL 60629, United States",Peck Elementary School
PEIRCE,41.9832437,-87.66691569999999,"1423 W Bryn Mawr Ave, Chicago, IL 60660, United States",Helen C. Peirce School of International Studies
PENN,41.8583525,-87.7218487,"1616 S Avers Ave, Chicago, IL 60623, United States",Penn Elementary School
PEREZ,41.8556781,-87.6579588,"1241 W 19th St, Chicago, IL 60608, United States",Manuel Perez Public School
PERSHING,41.8360034,-87.61843290000002,"3200 S Calumet Ave, Chicago, IL 60616, United States",Pershing Magnet School
PETERSON,41.9817786,-87.7129092,"5510 N Christiana Ave, Chicago, IL 60625, United States",Peterson Elementary School
PHILLIPS HS,41.8240517,-87.61980539999999,"244 E Pershing Rd, Chicago, IL 60653, United States",Wendell Phillips Academy High School
PHOENIX MILITARY HS,41.8786771,-87.6882694,"145 S Campbell Ave, Chicago, IL 60612, United States",Phoenix Military Academy
PICCOLO,41.9002223,-87.73180769999999,"1040 N Keeler Ave, Chicago, IL 60651, United States",Brian Piccolo Elementary School
PICKARD,41.8528427,-87.68400899999999,"2301 W 21st Pl, Chicago, IL 60608, United States",Pickard Elementary School
PILSEN,41.8589873,-87.66314570000002,"1420 W 17th St, Chicago, IL 60608, United States",Pilsen Community Academy
PIRIE,41.7404786,-87.6082521,"650 E 85th St, Chicago, IL 60619, United States",John T. Pirie Fine Arts and Academic Center
PLAMONDON,41.8602849,-87.6926372,"2642 W 15th Pl, Chicago, IL 60608, United States",Ambrose Plamondon School
POE,41.7024725,-87.6064629,"10538 S Langley Ave, Chicago, IL 60628, United States",Edgar Allan Poe Elementary School
PORTAGE PARK,41.957059,-87.76110249999999,"5330 W Berteau Ave, Chicago, IL 60641, United States",Portage Park Elementary School
POWELL,41.7603447,-87.55660429999999,"7511 S South Shore Dr, Chicago, IL 60649, United States",Powell Elementary School
PRESCOTT,41.9291654,-87.66937209999999,"1632 W Wrightwood Ave, Chicago, IL 60614, United States",William H. Prescott Elementary School
PRIETO,41.92111939999999,-87.7655115,"2231 N Central Ave, Chicago, IL 60639, United States",Dr. Jorge Prieto Math and Science Academy
PRITZKER,41.90698159999999,-87.67812599999999,"2009 W Schiller St, Chicago, IL 60622, United States",A N Pritzker Public School
PROSSER HS,46.2060887,-119.7578886,"1500 Paterson Rd, Prosser, WA 99350, United States",Prosser High School
PRUSSING,41.9654718,-87.7725699,"4650 N Menard Ave, Chicago, IL 60630, United States",Prussing Elementary School
PULASKI,41.9188145,-87.6838379,"2230 W McLean Ave, Chicago, IL 60647, United States",Pulaski International School
PULLMAN,46.7471654,-117.1851329,"510 NW Greyhound Way, Pullman, WA 99163, United States",Pullman High School
RABY HS,41.8861363,-87.7153615,"3545 W Fulton Blvd, Chicago, IL 60624, United States",AL RABY SCHOOL / CMTY ENVIRONMENT
RANDOLPH,41.760782,-87.6768371,"7316 S Hoyne Ave, Chicago, IL 60636, United States",A Phillip Randolph School
RAVENSWOOD,41.9611234,-87.6715854,"4332 N Paulina St, Chicago, IL 60613, United States",Ravenswood Elementary School
RAY,41.7922314,-87.5943115,"5631 S Kimbark Ave, Chicago, IL 60637, United States",Ray Elementary School
REAVIS,41.8042285,-87.6051732,"834 E 50th St, Chicago, IL 60615, United States",Reavis Elementary School
REILLY,41.9411551,-87.7192474,"3650 W School St, Chicago, IL 60618, United States",Frank W Reilly School
REINBERG,41.9426837,-87.7687364,"3425 N Major Ave, Chicago, IL 60634, United States",Peter A Reinberg Public School
REVERE,41.7643964,-87.6000462,"1010 E 72nd St, Chicago, IL 60619, United States",Paul Revere Elementary School
RICHARDS HS,41.8025427,-87.6614934,"5030 S Bishop St, Chicago, IL 60609, United States",Richards Career Academy
RICHARDSON,41.78355699999999,-87.72647099999999,"6018 S Karlov Ave, Chicago, IL 60629, United States",Richardson Middle School
RICKOVER MILITARY HS,41.9570868,-87.7705069,"5700 W Berteau Ave, Chicago, IL 60634, United States",Rickover Naval Academy School
ROBINSON,41.8171681,-87.5983704,"4225 S Lake Park Ave, Chicago, IL 60653, United States",Jackie Robinson Elementary School
ROGERS,42.0153797,-87.69676,"7345 N Washtenaw Ave, Chicago, IL 60645, United States",Rogers Elementary School
ROOSEVELT HS,41.9657499,-87.7146368,"3436 W Wilson Ave, Chicago, IL 60625, United States",Theodore Roosevelt High School
RUDOLPH,41.8836857,-87.6699736,"1628 W Washington Blvd, Chicago, IL 60612, United States",Wilma Rudolph Learning Center
RUGGLES,41.7523951,-87.61756659999999,"7831 S Prairie Ave, Chicago, IL 60619, United States",Martha M. Ruggles Elementary School
RUIZ,41.8479113,-87.68117629999999,"2410 S Leavitt St, Chicago, IL 60608, United States",Irma C. Ruiz Elementary School
RYDER,41.7357458,-87.639518,"8716 S Wallace St, Chicago, IL 60620, United States",William H. Ryder Math & Science Specialty Elementary School
SABIN,41.9071153,-87.6828918,"2216 W Hirsch St, Chicago, IL 60622, United States",Sabin Magnet School
SADLOWSKI,41.7047058,-87.5280518,"3930 E 105th St, Chicago, IL 60617, United States",Edward E. Sadlowski Elementary School
SALAZAR,41.9014398,-87.63385869999999,"160 W Wendell St, Chicago, IL 60610, United States",Ruben Salazar Elementary School
SANDOVAL,41.79314309999999,-87.71233649999999,"5534 S St Louis Ave, Chicago, IL 60629, United States",Socorro Sandoval Elementary School
SAUCEDO,41.8482204,-87.697836,"2850 W 24th Blvd, Chicago, IL 60623, United States",Maria Saucedo Scholastic Academy
SAUGANASH,41.9913955,-87.7463758,"6040 N Kilpatrick Ave, Chicago, IL 60646, United States",Sauganash Elementary School
SAWYER,41.7978855,-87.70579219999999,"5247 S Spaulding Ave, Chicago, IL 60632, United States",Sawyer Elementary School
SAYRE,41.9138356,-87.79909529999999,"1850 N Newland Ave, Chicago, IL 60707, United States",Harriet E Sayre Public School
SCAMMON,41.9413662,-87.7325492,"4201 W Henderson St, Chicago, IL 60641, United States",Jonathan Y Scammon Public School
SCHMID,41.7171341,-87.5967304,"9755 S Greenwood Ave, Chicago, IL 60628, United States",Theophilus Schmid School
SCHUBERT,41.9302922,-87.7607376,"2727 N Long Ave, Chicago, IL 60639, United States",Schubert Elementary School
SCHURZ HS,41.9474441,-87.7352682,"3601 N Milwaukee Ave, Chicago, IL 60641, United States",Carl Schurz High School
SENN HS,41.9890128,-87.6667743,"5900 N Glenwood Ave, Chicago, IL 60660, United States",Nicholas Senn High School
SEWARD,41.8102892,-87.66896349999999,"4600 S Hermitage Ave, Chicago, IL 60609, United States",William H. Seward Communication Arts Academy Elementary School
SHERIDAN,41.8443461,-87.64126750000001,"533 W 27th St, Chicago, IL 60616, United States",Mark Sheridan Math & Science Academy
SHERMAN,41.7998329,-87.65046219999999,"1000 W 52nd St, Chicago, IL 60609, United States",Sherman School of Excellence
SHERWOOD,41.7903381,-87.63188660000002,"245 W 57th St, Chicago, IL 60621, United States",Jesse Sherwood School
SHIELDS,41.8162824,-87.6900074,"4250 S Rockwell St, Chicago, IL 60632, United States",Shields Elementary School
SHIELDS MIDDLE,41.8063895,-87.6897699,"2611 W 48th St, Chicago, IL 60632, United States",James Shields Middle School
SHOESMITH,41.8046329,-87.59417409999999,"1330 E 50th St, Chicago, IL 60615, United States",Shoesmith Elementary School
SHOOP,41.6904978,-87.6599865,"1460 W 112th St, Chicago, IL 60643, United States",Shoop Academy
SIMEON HS,41.7455617,-87.63483300000001,"8147 S Vincennes Ave, Chicago, IL 60620, United States",Simeon Career Academy
SIMPSON HS,31.2616419,-93.0083023,"4262 LA-8, Simpson, LA 71474, United States",Simpson High School
SKINNER,41.8793482,-87.65930809999999,"1260 W Adams St, Chicago, IL 60607, United States",Mark T. Skinner West Elementary School
SKINNER NORTH,41.9051918,-87.64529639999999,"640 W Scott St, Chicago, IL 60610, United States",Skinner North Classical School
SMITH,41.86517629999999,-87.65348630000001,"1059 W 13th St, Chicago, IL 60608, United States",John M Smyth Public School
SMYSER,41.9585486,-87.7828019,"4310 N Melvina Ave, Chicago, IL 60634, United States",Smyser Elementary School
SMYTH,41.86517629999999,-87.65348630000001,"1059 W 13th St, Chicago, IL 60608, United States",John M Smyth Public School
SOCIAL JUSTICE HS,41.8348999,-87.7356033,"3120 S Kostner Ave, Chicago, IL 60623, United States",Social Justice High School
SOLOMON,41.9940388,-87.72464889999999,"6206 N Hamlin Ave, Chicago, IL 60659, United States",Solomon Elementary School
SOLORIO HS,41.7949381,-87.71115370000001,"5400 S St Louis Ave, Chicago, IL 60632, United States",Solorio Academy High School
SOR JUANA,41.7919648,-87.7249571,"4034 W 56th St, Chicago, IL 60629, United States",Sor Juana Elementary School
SOUTH LOOP,41.8668155,-87.6287243,"1212 S Plymouth Ct, Chicago, IL 60605, United States",South Loop Elementary School
SOUTH SHORE ES,33.722693,-118.3222125,"2060 W 35th St, San Pedro, CA 90732, United States",South Shores Elementary School
SOUTH SHORE INTL HS,41.7579736,-87.5767314,"1955 E 75th St, Chicago, IL 60649, United States",South Shore International College Preparatory High School
SOUTHSIDE HS,29.23686829999999,-98.47305139999999,"19190 US-281 South #2, San Antonio, TX 78221, United States",Southside High School
SPENCER,41.8850468,-87.7505865,"214 N Lavergne Ave, Chicago, IL 60644, United States",Spencer Elementary Technology Academy
SPRY ES,41.8476225,-87.6998049,"2400 S Marshall Blvd, Chicago, IL 60623, United States",John Spry Community School
SPRY HS,41.8476535,-87.6998179,"2400 S Marshall Blvd, Chicago, IL 60623, United States",Community Links High School
STAGG,41.75917030000001,-87.64929389999999,"7424 S Morgan St, Chicago, IL 60621, United States",Stagg Elementary School
STEINMETZ HS,41.935631,-87.78415199999999,"3030 N Mobile Ave, Chicago, IL 60634, United States",Steinmetz College Prep
STEM,41.8865605,-87.6215903,"222 N Columbus Dr Suite #308, Chicago, IL 60601, United States",NextWave STEM
STEVENSON,41.7471392,-87.7318816,"8010 S Kostner Ave, Chicago, IL 60652, United States",Stevenson Elementary School
STOCK,42.0167589,-87.8143018,"7507 W Birchwood Ave, Chicago, IL 60631, United States",Frederick Stock Public School
STONE,41.9953224,-87.6845122,"6239 N Leavitt St, Chicago, IL 60659, United States",Stone Scholastic Academy
STOWE,41.9127443,-87.71321929999999,"3444 W Wabansia Ave, Chicago, IL 60647, United States",Harriet Beecher Stowe Elementary School .
SUDER,41.88327220000001,-87.67766089999999,"2022 W Washington Blvd, Chicago, IL 60612, United States",Suder Montessori Magnet Elementary School
SULLIVAN HS,42.0028084,-87.6689166,"6631 N Bosworth Ave, Chicago, IL 60626, United States",Sullivan High School
SUMNER,41.8719611,-87.73254969999999,"4320 W 5th Ave, Chicago, IL 60624, United States",Sumner Elementary School
SUTHERLAND,41.7110885,-87.6763096,"10015 S Leavitt St, Chicago, IL 60643, United States",Sutherland Elementary School
SWIFT,41.9890009,-87.6583911,"5900 N Winthrop Ave, Chicago, IL 60660, United States",George B Swift Public School
TAFT HS,41.984587,-87.7916778,"6530 W Bryn Mawr Ave, Chicago, IL 60631, United States",William Howard Taft High School
TALCOTT,41.8924659,-87.6734955,"1840 W Ohio St, Chicago, IL 60622, United States",Talcott Fine Arts and Museum Academy
TALMAN,41.7943795,-87.690308,"2629 W 55th St, Chicago, IL 60632, United States",Talman Elementary School
TANNER,41.7606925,-87.6068167,"7350 S Evans Ave, Chicago, IL 60619, United States",Tanner Elementary School
TARKINGTON,41.76450759999999,-87.70636739999999,"3330 W 71st St, Chicago, IL 60629, United States",Tarkington Elementary School
TAYLOR,41.8855195,-87.62654859999999,"180 N Wabash Ave #5, Chicago, IL 60601, United States",Taylor Business Institute
TELPOCHCALLI,41.8490494,-87.6977983,"2832 W 24th Blvd, Chicago, IL 60623, United States",Telpochcalli School
THOMAS,41.8819764,-87.7528346,"Chicago, IL 60644, United States",Saint Thomas School
THORP J,41.7328577,-87.5447725,"8914 S Buffalo Ave, Chicago, IL 60617, United States",James N. Thorp Elementary School
THORP O,41.9488905,-87.7777168,"6024 W Warwick Ave, Chicago, IL 60634, United States",Ole A. Thorp Elementary Scholastic Academy
TILDEN HS,41.8075276,-87.64235269999999,"4747 S Union Ave, Chicago, IL 60609, United States",Tilden High School
TILL,41.8772932,-87.6246153,"332 S Michigan Ave, Chicago, IL 60604, United States",Till School
TILTON,43.4447178,-71.5890706,"30 School St, Tilton, NH 03276, United States",Tilton School
TONTI,41.787441,-87.70774,"5815 S Homan Ave, Chicago, IL 60629, United States",Tonti Elementary School
TUBMAN,41.93404049999999,-87.65586429999999,"2851 N Seminary Ave, Chicago, IL 60657, United States",Harriet Tubman Elementary School
TURNER-DREW,41.7257396,-87.6303269,"9300 S Princeton Ave, Chicago, IL 60620, United States",Turner-Drew Language Academy
TWAIN,41.7990503,-87.75895539999999,"5134 S Lotus Ave, Chicago, IL 60638, United States",Mark Twain Elementary School
UPLIFT HS,41.9659998,-87.6522024,"900 W Wilson Ave, Chicago, IL 60640, United States",Uplift Community High School
VANDERPOEL,41.7206665,-87.6657609,"9510 S Prospect Ave, Chicago, IL 60643, United States",Vanderpoel Elementary School
VAUGHN HS,41.9602488,-87.7643485,"4355 N Linder Ave, Chicago, IL 60641, United States",Vaughn Occupational High School
VICK,41.6886266,-87.68557919999999,"2554 W 113th St, Chicago, IL 60655, United States",Barbara Vick Early Childhood Center
VOLTA,41.9714236,-87.7251338,"4950 N Avers Ave, Chicago, IL 60625, United States",Volta Elementary School
VON LINNE,41.9402697,-87.7024586,"3221 N Sacramento Ave, Chicago, IL 60618, United States",Linne Elementary School
VON STEUBEN HS,41.9733612,-87.7132292,"5039 N Kimball Ave, Chicago, IL 60625, United States",Frederick Von Steuben Metropolitan Science Center
WACKER,41.7163955,-87.64827199999999,"9746 S Morgan St, Chicago, IL 60643, United States",Charles H. Wacker Elementary School
WADSWORTH,41.7735487,-87.60103889999999,"6650 S Ellis Ave, Chicago, IL 60637, United States",Wadsworth STEM Elementary School
WALSH,41.85465790000001,-87.64804579999999,"2015 S Peoria St, Chicago, IL 60608, United States",John A Walsh Public School
WARD J,41.8434685,-87.63527140000001,"2701 S Shields Ave, Chicago, IL 60616, United States",James Ward Elementary School
WARD L,41.8931085,-87.718863,"646 N Lawndale Ave, Chicago, IL 60624, United States",Laura S. Ward Elementary School
WARREN,41.7268467,-87.57526680000001,"9239 S Jeffery Blvd, Chicago, IL 60617, United States",Joseph Warren Elementary School
WASHINGTON G ES,41.6879959,-87.5360326,"3611 E 114th St, Chicago, IL 60617, United States",George Washington Elementary School
WASHINGTON H ES,41.7285604,-87.5968693,"9130 S University Ave, Chicago, IL 60619, United States",Harold Washington Elementary School
WASHINGTON HS,41.687694,-87.5379655,"3535 E 114th St, Chicago, IL 60617, United States",George Washington High School
WATERS,41.9642621,-87.6919875,"4540 N Campbell Ave, Chicago, IL 60625, United States",Waters Elementary School
WEBSTER,41.8697045,-87.7270353,"4055 W Arthington St, Chicago, IL 60624, United States",Daniel Webster Elementary School
WELLS ES,41.8272792,-87.6198494,"249 E 37th St, Chicago, IL 60653, United States",Ida B. Wells Preparatory Elementary School
WELLS HS,41.8991215,-87.6682922,"936 N Ashland Ave, Chicago, IL 60622, United States",William H. Wells Community Academy High School
WENTWORTH,41.7653308,-87.6587124,"1340 W 71st St, Chicago, IL 60636, United States",Wentworth Elementary School
WEST PARK,41.90685269999999,-87.7320853,"1425 N Tripp Ave, Chicago, IL 60651, United States",West Park STEAM Academy
WEST RIDGE,42.0029839,-87.70596479999999,"6700 N Whipple St, Chicago, IL 60645, United States",West Ridge Elementary School
WESTCOTT,41.7487654,-87.6357194,"409 W 80th St, Chicago, IL 60620, United States",Westcott Elementary School
WESTINGHOUSE HS,40.4609795,-79.90090029999999,"1101 N Murtland St, Pittsburgh, PA 15208, United States",Westinghouse Academy
WHISTLER,41.6840215,-87.6552468,"11533 S Ada St, Chicago, IL 60643, United States",John Whistler Elementary School
WHITE,41.6725115,-87.650337,"1136 W 122nd St, Chicago, IL 60643, United States",Edward H White Career Academy
WHITNEY,41.8776894,-87.6630835,"211 S Laflin St, Chicago, IL 60607, United States",Whitney M. Young Magnet High School
WHITTIER,41.8505648,-87.67389209999999,"1900 W 23rd St, Chicago, IL 60608, United States",Whittier Elementary School
WILDWOOD,42.0069369,-87.7783034,"6950 N Hiawatha Ave, Chicago, IL 60646, United States",Wildwood Elementary School
WILLIAMS HS,33.0228653,-96.6882488,"1818 18th St, Plano, TX 75074, United States",Williams High School
WOODLAWN,41.7735715,-87.5940269,"6657 S Kimbark Ave, Chicago, IL 60637, United States",Woodlawn Community Elementary School
WOODSON,41.8146645,-87.6085289,"4414 S Evans Ave, Chicago, IL 60653, United States",Carter G. Woodson School
WORLD LANGUAGE HS,41.8358459,-87.73558799999999,"3120 S Kostner Ave, Chicago, IL 60623, United States",World Language Academy
YATES,41.9147453,-87.69979269999999,"1839 N Richmond St, Chicago, IL 60647, United States",Richard Yates Elementary School
YORK HS,41.89309979999999,-87.9531087,"355 W St Charles Rd, Elmhurst, IL 60126, United States",York Community High School
YOUNG ES,41.9066719,-87.76740769999999,"1434 N Parkside Ave, Chicago, IL 60651, United States",Ella Flagg Young Elementary School
YOUNG HS,41.8776894,-87.6630835,"211 S Laflin St, Chicago, IL 60607, United States",Whitney M. Young Magnet High School
ZAPATA,41.8417363,-87.73587429999999,"2728 S Kostner Ave, Chicago, IL 60623, United States",Zapata Academy
ACERO - BRIGHTON PARK,41.8132227,-87.6932743,"4420 S Fairfield Ave, Chicago, IL 60632, United States",Acero - Brighton Park Elementary School
ACERO - CISNEROS,41.8229342,-87.6944352,"2744 W Pershing Rd, Chicago, IL 60632, United States",Acero - Sandra Cisneros Elementary School
ACERO - CLEMENTE,41.9177994,-87.7879469,"2050 N Natchez Ave, Chicago, IL 60707, United States",Acero Roberto Clemente School
ACERO - DE LA CRUZ,42.0161074,-87.6845408,"7416 N Ridge Blvd, Chicago, IL 60645, United States","Cruz K-12, an Acero School"
ACERO - DE LAS CASAS,41.8594032,-87.66812449999999,"1641 W 16th St, Chicago, IL 60608, United States",Acero - Bartolomé de Las Casas Elementary School
ACERO - FUENTES,41.8779364,-87.6342277,"209 W Jackson Blvd #500, Chicago, IL 60606, United States",Acero Schools
ACERO - GARCIA HS,41.8085158,-87.7309846,"4248 W 47th St, Chicago, IL 60632, United States",Acero - Major Hector P. Garcia M.D. High School
ACERO - IDAR,41.8779364,-87.6342277,"209 W Jackson Blvd #500, Chicago, IL 60606, United States",Acero Schools
ACERO - MARQUEZ,41.8086058,-87.69717840000001,"2916 W 47th St, Chicago, IL 60632, United States","Donald J. Marquez Elementary, an Acero School"
ACERO - PAZ,41.85001,-87.69238969999999,"2651 W 23rd St, Chicago, IL 60608, United States","Octavio Paz Elementary, an Acero School"
ACERO - SANTIAGO,41.9003618,-87.6899567,"2510 W Cortez St, Chicago, IL 60622, United States","Esmeralda Santiago Elementary, an Acero School"
ACERO - SOTO HS,41.8019585,-87.7105036,"5025 S St Louis Ave, Chicago, IL 60632, United States","Victoria Soto High, an Acero School"
ACERO - TAMAYO,41.8000839,-87.6938212,"5135 S California Ave, Chicago, IL 60632, United States","Rufino Tamayo Elementary , an Acero School"
ACERO - TORRES,41.8086033,-87.73098759999999,"4248 W 47th St #2, Chicago, IL 60632, United States","PFC Omar E. Torres Elementary, an Acero School"
ACERO - ZIZUMBO,41.8082889,-87.73097729999999,"First Floor, 4248 W 47th St, Chicago, IL 60632, United States","SPC Daniel Zizumbo Elementary, an Acero School"
AHS - PASSAGES,41.9833164,-87.67122540000001,"1643 W Bryn Mawr Ave, Chicago, IL 60660, United States",AHS Passages Charter School
ART IN MOTION,41.7600762,-87.582956,"7415 S East End Ave, Chicago, IL 60649, United States",Art In Motion
ASPIRA - BUSINESS & FINANCE HS,41.9357887,-87.7181533,"2989 N Milwaukee Ave, Chicago, IL 60618, United States",ASPIRA Business & Finance High School
ASPIRA - EARLY COLLEGE HS,41.9374673,-87.7267844,"3986 W Barry Ave, Chicago, IL 60618, United States",ASPIRA Early College High School
ASPIRA - HAUGAN,41.96630390000001,-87.7218024,"3729 W Leland Ave, Chicago, IL 60625, United States",ASPIRA Haugan Middle School
CATALYST - CIRCLE ROCK,41.8823448,-87.7654775,"5608 W Washington Blvd, Chicago, IL 60644, United States",Catalyst Circle Rock
CATALYST - MARIA,41.770908,-87.6925257,"6727 S California Ave, Chicago, IL 60629, United States",Catalyst Maria
CATALYST - MARIA (HS),41.770908,-87.6925257,"6727 S California Ave, Chicago, IL 60629, United States",Catalyst Maria
CHICAGO COLLEGIATE,41.6794071,-87.6180777,"11816 S Indiana Ave, Chicago, IL 60628, United States",Chicago Collegiate Middle School
CHICAGO MATH & SCIENCE HS,42.0130763,-87.6750902,"7212 N Clark St, Chicago, IL 60626, United States",Chicago Math and Science Academy
CHRISTOPHER HOUSE,41.9221191,-87.7575516,"5235 W Belden Ave, Chicago, IL 60639, United States",Christopher House
CICS - AVALON/SOUTH SHORE,41.7431281,-87.58775089999999,"1501 E 83rd Pl, Chicago, IL 60619, United States",CICS Avalon
CICS - BASIL,41.79406789999999,-87.67021539999999,"1816 W Garfield Blvd, Chicago, IL 60609, United States",CICS Basil
CICS - BOND,41.6530092,-87.60554359999999,"13300 S Langley Ave, Chicago, IL 60827, United States",CICS Lloyd Bond
CICS - BUCKTOWN,41.92252149999999,-87.6813246,"2235 N Hamilton Ave, Chicago, IL 60647, United States",CICS Bucktown
CICS - ELLISON HS,41.7482405,-87.66899959999999,"1817 W 80th St, Chicago, IL 60620, United States",CICS Ralph Ellison High School
CICS - IRVING PARK,41.9506698,-87.71076430000001,"3820 N Spaulding Ave, Chicago, IL 60618, United States",Chicago International Charter School - Irving Park
CICS - LONGWOOD,41.720321,-87.65579799999999,"1309 W 95th St, Chicago, IL 60643, United States",CICS Loomis - Longwood
CICS - LOOMIS,41.72025259999999,-87.6567306,"9535 S Loomis St, Chicago, IL 60643, United States",CICS Loomis - Longwood
CICS - NORTHTOWN HS,41.9909405,-87.72822450000001,"3900 W Peterson Ave, Chicago, IL 60659, United States",CICS Northtown Academy
CICS - PRAIRIE,41.6841192,-87.6175801,"11530 S Prairie Ave, Chicago, IL 60628, United States",CICS Prairie
CICS - WASHINGTON PARK,41.7839128,-87.6212402,"110 E 61st St, Chicago, IL 60637, United States",CICS Washington Park
CICS - WEST BELDEN,41.9217092,-87.7766604,"2245 N McVicker Ave, Chicago, IL 60639, United States",CICS West Belden
CICS - WRIGHTWOOD,41.7451316,-87.6927468,"8130 S California Ave #2716, Chicago, IL 60652, United States",CICS Wrightwood
EPIC HS,40.692682,-73.8291232,"94-25 117th St, Queens, NY 11419, United States",Epic High School - North
ERIE,41.9068647,-87.69430919999999,"1405 N Washtenaw Ave, Chicago, IL 60622, United States",Erie Elementary Charter School
GLOBAL CITIZENSHIP,41.80741,-87.74018389999999,"4647 W 47th St, Chicago, IL 60632, United States",Academy for Global Citizenship
GREAT LAKES,41.7423842,-87.5598559,"8401 S Saginaw Ave, Chicago, IL 60617, United States",Great Lakes Academy
HORIZON - SOUTHWEST,41.7954407,-87.6822263,"5401 S Western Ave, Chicago, IL 60609, United States",Horizon Science Academy – Southwest Chicago
INSTITUTO - HEALTH,41.8460706,-87.68586619999999,"2520 S Western Ave, Chicago, IL 60608, United States",Instituto Health Science Career Academy
INSTITUTO - JUSTICE HS,41.8456905,-87.6842492,"2570 S Blue Island Ave, Chicago, IL 60608, United States",Instituto Justice and Leadership Academy
INTRINSIC HS,41.93901839999999,-87.741182,"4540 W Belmont Ave, Chicago, IL 60641, United States",Intrinsic Schools
KIPP - ACADEMY,41.8946266,-87.72633909999999,"730 N Pulaski Rd, Chicago, IL 60624, United States",KIPP One Academy
KIPP - ASCEND,41.8612881,-87.7094157,"1440 S Christiana Ave, Chicago, IL 60623, United States",KIPP Ascend Primary
KIPP - BLOOM,41.7933385,-87.6413425,"5515 S Lowe Ave, Chicago, IL 60621, United States",KIPP Bloom College Prep
KIPP - ONE,41.8946266,-87.72633909999999,"730 N Pulaski Rd, Chicago, IL 60624, United States",KIPP One Academy
LEARN - 7,41.8874822,-87.70241419999999,"3021 W Carroll Ave, Chicago, IL 60612, United States",LEARN Charter School
LEARN - BUTLER,41.8671916,-87.7109215,"1132 S Homan Ave, Chicago, IL 60624, United States",LEARN Romano Butler Campus
LEARN - CAMPBELL,41.8779005,-87.6989662,"212 S Francisco Ave, Chicago, IL 60612, United States",LEARN Charter School Campbell Campus
LEARN - EXCEL,41.8846279,-87.6364921,"155 N Upper Wacker Dr #4250, Chicago, IL 60606, United States","Chicago Excel Classes by Chi Brander, Inc."
LEARN - MIDDLE,41.8874822,-87.70241419999999,"3021 W Carroll Ave, Chicago, IL 60612, United States",LEARN Charter School
LEARN - PERKINS,41.7431592,-87.665934,"1700 W 83rd St, Chicago, IL 60620, United States",Learn - Hunter Perkins
LEARN - SOUTH CHICAGO,41.7327332,-87.54477089999999,"8914 S Buffalo Ave, Chicago, IL 60617, United States",LEARN Charter School Network
LEGACY,41.8571599,-87.7084306,"3318 W Ogden Ave, Chicago, IL 60623, United States",Legacy Charter School Chicago
LEGAL PREP HS,41.8817618,-87.73383240000001,"4319 W Washington Blvd, Chicago, IL 60624, United States",Legal Prep
LOCKE A,41.9316775,-87.7957467,"2828 N Oak Park Ave, Chicago, IL 60634, United States",Locke Elementary School
MONTESSORI ENGLEWOOD,41.7676052,-87.66778550000001,"6936 S Hermitage Ave, Chicago, IL 60636, United States",The Montessori School of Englewood
MOVING EVEREST,41.8884191,-87.75549339999999,"416 N Laramie Ave, Chicago, IL 60644, United States",Moving Everest Charter School
NAMASTE,41.8257278,-87.6677091,"3737 S Paulina St, Chicago, IL 60609, United States",Namaste Charter School
NLCP - CHRISTIANA HS,41.8584921,-87.7088287,"1615 S Christiana Ave, Chicago, IL 60623, United States",North Lawndale College Prep
NLCP - COLLINS HS,41.8584921,-87.7088287,"1615 S Christiana Ave, Chicago, IL 60623, United States",North Lawndale College Prep
NOBLE - ACADEMY HS,41.9074558,-87.6454041,"1443 N Ogden Ave, Chicago, IL 60610, United States",The Noble Academy
NOBLE - BAKER HS,41.7342056,-87.5570256,"2710 E 89th St, Chicago, IL 60617, United States",Noble - Baker College Preparatory High School
NOBLE - BULLS HS,41.8789084,-87.6781797,"2040 W Adams St, Chicago, IL 60612, United States",Chicago Bulls College Prep
NOBLE - BUTLER HS,41.7060894,-87.6028575,"821 E 103rd St, Chicago, IL 60628, United States",Butler College Prep
NOBLE - COMER,41.7647638,-87.5996959,"1010 E 72nd St, Chicago, IL 60619, United States",Gary Comer College Prep Middle School
NOBLE - DRW HS,41.8691813,-87.7104538,"931 S Homan Ave, Chicago, IL 60624, United States",DRW College Prep
NOBLE - GOLDER HS,41.8954595,-87.6644373,"1454 W Superior St, Chicago, IL 60642, United States",Golder College Prep
NOBLE - HANSBERRY HS,41.7343897,-87.6511086,"8748 S Aberdeen St, Chicago, IL 60620, United States",Hansberry College Prep
NOBLE - ITW SPEER HS,41.9174184,-87.759616,"5321 W Grand Ave, Chicago, IL 60639, United States",ITW Speer Academy
NOBLE - JOHNSON HS,41.7783933,-87.6355356,"6350 S Stewart Ave, Chicago, IL 60621, United States",Johnson College Prep
NOBLE - MANSUETO HS,41.8076332,-87.6969573,"2911 W 47th St, Chicago, IL 60632, United States",Mansueto High School
NOBLE - MUCHIN HS,41.8823418,-87.6273168,"1 N State St floor 7, Chicago, IL 60602, United States",Muchin College Prep
NOBLE - NOBLE HS,41.9001202,-87.66264699999999,"1010 N Noble St, Chicago, IL 60642, United States",Noble Street College Prep
NOBLE - PRITZKER HS,41.9149225,-87.72974409999999,"4131 W Cortland St, Chicago, IL 60639, United States",Pritzker College Prep
NOBLE - RAUNER HS,41.8922897,-87.6611613,"1337 W Ohio St, Chicago, IL 60642, United States",Rauner College Prep
NOBLE - ROWE CLARK HS,41.8953081,-87.7182167,"3645 W Chicago Ave, Chicago, IL 60651, United States",Rowe-Clark Math & Science Academy
NOBLE - UIC HS,41.865614,-87.6760392,"1231 S Damen Ave, Chicago, IL 60608, United States",UIC College Prep
PERSPECTIVES - JOSLIN HS,41.8561782,-87.6284637,"1930 S Archer Ave, Chicago, IL 60616, United States",Perspectives Rodney D. Joslin Campus
PERSPECTIVES - LEADERSHIP HS,41.7388823,-87.62651420000002,"8522 S Lafayette Ave, Chicago, IL 60620, United States",Perspectives Leadership Campus
PERSPECTIVES - MATH & SCI HS,41.8279863,-87.6243999,"3663 S Wabash Ave, Chicago, IL 60653, United States",Perspectives/IIT Math & Science Academy
PERSPECTIVES - TECH HS,41.7386841,-87.6265505,"8522 S Lafayette Ave, Chicago, IL 60620, United States",Perspectives High School Of Technology & Leadership Academy
POLARIS,41.8921679,-87.70786389999999,"620 N Sawyer Ave, Chicago, IL 60624, United States",Polaris Charter Academy
PROVIDENCE ENGLEWOOD,41.7752003,-87.6637159,"6515 S Ashland Ave, Chicago, IL 60636, United States",Providence Englewood Charter
ROWE,41.9077998,-87.66447409999999,"1424 N Cleaver St, Chicago, IL 60642, United States",Rowe Elementary School
U OF C - DONOGHUE,41.8276346,-87.6084702,"707 E 37th St, Chicago, IL 60653, United States",UChicago Charter Donoghue Campus
U OF C - NKO,41.7802162,-87.5975875,"6300 S University Ave, Chicago, IL 60637, United States",University of Chicago Charter School: Woodlawn Campus
U OF C - WOODLAWN HS,41.7802162,-87.5975875,"6300 S University Ave, Chicago, IL 60637, United States",University of Chicago Charter School: Woodlawn Campus
URBAN PREP - BRONZEVILLE HS,41.8310349,-87.6136169,"521 E 35th St, Chicago, IL 60616, United States",Urban Prep Charter Academy for Young Men - Bronzeville Campus
URBAN PREP - ENGLEWOOD HS,41.78221850000001,-87.6349406,"6201 S Stewart Ave, Chicago, IL 60621, United States",Urban Prep Charter Academy For Young Men - Englewood Campus
YCCS - ASPIRA PANTOJA,41.937935,-87.7270039,"3121 N Pulaski Rd, Chicago, IL 60641, United States",Aspira Antonia Pantoja
YCCS - ASSOCIATION HOUSE,41.9016623,-87.70703390000001,"1116 N Kedzie Ave, Chicago, IL 60651, United States",Association House of Chicago
YCCS - CAMPOS,41.9027938,-87.6960174,"2739 W Division St, Chicago, IL 60622, United States",Pedro Albizu Campos High School
YCCS - CCA ACADEMY,41.8650756,-87.72479349999999,"1231 S Pulaski Rd, Chicago, IL 60623, United States",Community Christian Alternative Academy
YCCS - CHATHAM,41.7300163,-87.60695849999999,"9035 S Langley Ave, Chicago, IL 60619, United States",Chatham Academy
YCCS - INNOVATIONS,41.8827005,-87.62739169999999,"17 N State St Suite 300, Chicago, IL 60602, United States",Innovations High School
YCCS - LATINO YOUTH,41.8546488,-87.695255,"2001 S California Ave, Chicago, IL 60608, United States",Latino Youth High School
YCCS - MCKINLEY,41.8416038,-87.6255126,"2920 S Wabash Ave, Chicago, IL 60616, United States",McKinley Lakeside Leadership Academy
YCCS - OLIVE HARVEY,41.8570071,-87.64512619999999,"1814 S Union Ave, Chicago, IL 60616, United States",Youth Connection Leadership Academy
YCCS - PROGRESSIVE LEADERSHIP,41.8570071,-87.64512619999999,"1814 S Union Ave, Chicago, IL 60616, United States",Youth Connection Leadership Academy
YCCS - SCHOLASTIC ACHIEVEMENT,41.8800855,-87.7421483,"4651 W Madison St, Chicago, IL 60644, United States","Academy of Scholastic Achievement, Inc."
YCCS - SULLIVAN,41.7462277,-87.5790908,"8164 S South Chicago Ave, Chicago, IL 60617, United States",Sullivan House Alternative
YCCS - TRUMAN,41.8570071,-87.64512619999999,"1814 S Union Ave, Chicago, IL 60616, United States",Youth Connection Leadership Academy
YCCS - WEST,41.901997,-87.7495031,"4909 W Division St, Chicago, IL 60651, United States",YCCS West
YCCS - WEST TOWN,41.901997,-87.7495031,"4909 W Division St, Chicago, IL 60651, United States",YCCS West
YCCS - YOUTH CONNECTION,41.8570071,-87.64512619999999,"1814 S Union Ave, Chicago, IL 60616, United States",Youth Connection Leadership Academy
YCCS - YOUTH DEVELOPMENT,41.8570071,-87.64512619999999,"1814 S Union Ave, Chicago, IL 60616, United States",Youth Connection Leadership Academy
CHIARTS HS,41.8994272,-87.6950324,"2714 W Augusta Blvd, Chicago, IL 60622, United States",The Chicago High School for the Arts
CHICAGO EXCEL HS,41.7596462,-87.5566183,"7530 S South Shore Dr, Chicago, IL 60649, United States",Excel Academy of South Shore
CHICAGO TECH HS,41.863195,-87.659268,"1301 W 14th St, Chicago, IL 60608, United States",Chicago Tech Academy
EXCEL ENGLEWOOD HS,41.7639511,-87.64900469999999,"7141 S Morgan St, Chicago, IL 60621, United States",Excel Academy of Englewood
EXCEL SOUTH SHORE HS,41.7596462,-87.5566183,"7530 S South Shore Dr, Chicago, IL 60649, United States",Excel Academy of South Shore
EXCEL SOUTHWEST HS,41.7649174,-87.6908339,"7050 S Washtenaw Ave., Chicago, IL 60629, United States",Excel Academy of Southwest
HOPE LEARNING ACADEMY,41.8838037,-87.6681306,"1628 W Washington Blvd, Chicago, IL 60612, United States",Hope Learning Academy Chicago
LITTLE BLACK PEARL HS,41.8097331,-87.59949639999999,"1060 E 47th St, Chicago, IL 60653, United States",Little Black Pearl Art And Design Academy
PLATO,41.8725846,-87.7637285,"5545 W Harrison St, Chicago, IL 60644, United States",Plato Learning Academy
SAFE ACHIEVE ES,41.7525331,-87.55061769999999,"7877 S Coles Ave, Chicago, IL 60649, United States",Safe Achieve Academy of Chicago
SAFE ACHIEVE HS,41.7525331,-87.55061769999999,"7877 S Coles Ave, Chicago, IL 60649, United States",Safe Achieve Academy of Chicago
OMBUDSMAN - NORTHWEST HS,42.0172747,-87.806905,"7500 N Harlem Ave, Chicago, IL 60631, United States",Ombudsman Chicago Northwest
OMBUDSMAN - ROSELAND HS,41.6950878,-87.6428006,"10928 S Halsted St, Chicago, IL 60628, United States",Ombudsman Chicago Roseland
OMBUDSMAN - SOUTH HS,41.782925,-87.6828744,"6057 S Western Ave, Chicago, IL 60636, United States",Ombudsman Chicago South Campus
OMBUDSMAN - WEST HS,41.874854,-87.6865795,"2401 W Congress Pkwy, Chicago, IL 60612, United States",Ombudsman Chicago West Campus
PATHWAYS - ASHBURN HS,41.7364958,-87.705658,"3284 W 87th St, Chicago, IL 60652, United States",Pathways In Education - Illinois
PATHWAYS - AVONDALE HS,41.9395259,-87.70534119999999,"3100 W Belmont Ave, Chicago, IL 60618, United States",Pathways In Education - Illinois
PATHWAYS - BRIGHTON PARK HS,41.8082514,-87.7023195,"3124 W 47th St, Chicago, IL 60632, United States",Pathways In Education
PATHWAYS - HUMBOLDT PARK HS,41.9026939,-87.687963,"2421 W Division St, Chicago, IL 60622, United States",Pathways In Education -Humboldt Park
